pnl,nb_trades,roi,win_rate,drawdown,min_market_pnl,take_profit_market_pnl,trail_stop_market_pnl,trade_start_hour,trade_cutoff_hour,min_escape_time,max_trades_per_day,stop_echappee_threshold,start_echappee_threshold,top_n_threshold,trade_value_eur,trade_interval_minutes,max_pnl_timeout_minutes
835.7054867707193,111,7.528878259195669,62.96296296296296,118.32000404596329,42.0,118.0,41,09:30,12:30,61.0,3,1.2,1.9,1,100.0,150000,6000.0
447.05648761615157,89,5.023106602428669,51.85185185185185,117.94760549068451,42.0,118.0,41,09:30,12:30,61.0,2,1.2,1.9,1,100.0,150000,6000.0
710.7487349174917,122,5.825809302602391,57.407407407407405,127.56600838899612,42.0,118.0,41,09:30,12:30,61.0,4,1.2,1.9,1,100.0,150000,6000.0
473.031788315624,52,9.096765159915845,40.74074074074074,100.89541131258011,42.0,118.0,41,09:30,12:30,61.0,1,1.2,1.9,1,100.0,150000,6000.0
750.285034108907,124,6.050685758942798,59.25925925925925,127.56600838899612,42.0,118.0,41,09:30,12:30,61.0,5,1.2,1.9,1,100.0,150000,6000.0
750.285034108907,124,6.050685758942798,59.25925925925925,127.56600838899612,42.0,118.0,41,09:30,12:30,61.0,6,1.2,1.9,1,100.0,150000,6000.0
750.285034108907,124,6.050685758942798,59.25925925925925,127.56600838899612,42.0,118.0,41,09:30,12:30,61.0,7,1.2,1.9,1,100.0,150000,6000.0
750.285034108907,124,6.050685758942798,59.25925925925925,127.56600838899612,42.0,118.0,41,09:30,12:30,61.0,8,1.2,1.9,1,100.0,150000,6000.0
750.285034108907,124,6.050685758942798,59.25925925925925,127.56600838899612,42.0,118.0,41,09:30,12:30,61.0,9,1.2,1.9,1,100.0,150000,6000.0
